basin,year,tax_subtraction,tax_addition,bio_subtraction,bio_addition,eco_subtraction,eco_addition
BE01,1997,-0.017928668,0.063277669,0.000503306,-0.009943084,0.009425125,-0.007908954
BE01,1998,-0.021837162,0.034032467,0.014485852,-0.003114251,0.010942635,-0.011095468
BE01,1999,-0.006039018,-0.023321679,0.001083445,-0.011577938,-0.00090695,-0.007016321
BE01,2000,-0.042569805,-0.043709799,0.00465364,-0.003955324,-0.002421979,-0.010262032
BE01,2002,-0.0004809,0.024225454,-0.000657402,-0.006950859,0.001431608,-0.001048157
BE01,2004,0.004615643,0.045150481,0.012143153,0.007706687,0.006769103,0.005666172
BE02,1996,-0.014719889,-0.013698057,0.000937904,-0.003910385,0.004830549,-0.003629463
BE02,1997,-0.007197044,0.012630045,0.005517309,0.001456342,0.002296462,-0.002657039
BE02,1998,0.01124525,0.019044862,-0.004904577,-0.004286288,0.002081944,0.002309637
BE02,1999,-0.000396209,0.008956425,0.008681426,0.004284099,0.003993045,-0.001966672
BE03,2002,0.014642731,-0.00174256,-0.002122419,-0.00368239,-0.002915155,0.003014986
BE03,2003,0.002762737,-0.002709177,0.006689544,-0.000181614,-0.001617729,-0.001226084
BE03,2004,-0.018756975,0.010202298,0.002054856,-0.004291488,0.000186205,-0.00390797
BE03,2005,-0.006698231,-0.004776721,0.001325714,0.001006827,0.004512403,-0.002588185
BE04,2000,-0.008682949,0.01725881,-0.00245048,0.008749159,-0.012957453,0.004087644
BE04,2002,0.018723221,0.060460252,0.009817395,0.007965586,0.019704197,0.008398139
BE04,2007,-0.00445139,0.004794731,-0.008117847,-0.020219125,-0.005492297,-0.018818219
BE04,2008,0.009674941,-0.014915469,0.003446432,0.007862921,0.008613363,0.022601799
BE04,2009,0.015907601,-0.041801465,-0.005974591,-0.008222108,-0.007619007,0.006801053
BE04,2010,-0.019057831,-0.032605416,-0.004162573,-0.00335382,-0.018303783,-0.015231759
BE04,2011,0.009566233,0.088342775,0.016629504,7.10E-05,0.001890028,0.008935324
BE04,2013,-0.032201433,-0.023797596,-0.003248839,-0.021549204,-0.007892304,0.001543991
BE04,2015,0.056238639,0.076553318,0.029976117,0.003127009,0.002654701,0.011261856
BE04,2016,0.006692154,-0.063338076,-0.006568351,-0.001595886,-0.012754291,-0.009404518
BE04,2018,0.059445175,-0.009250398,-0.00434498,0.012834179,0.000748073,0.013744037
BE04,2019,0.034511598,-0.034971705,0.008587638,0.003910803,0.007448679,0.00449188
BE04,2020,0.023562155,-0.016011204,0.0039636,0.003643943,0.002505479,-0.009501706
BE04,2022,-0.000662536,-0.032423637,0.013207545,-0.018871071,0.015264964,-0.001079087
BE04,2023,0.020898694,0.022980045,-0.00724905,0.000920761,-0.008028274,-0.000366244
BE05,1996,-0.040773373,0.030004575,0.03400495,0.004628949,0.011253843,0.00338639
BE05,1997,-0.047470706,-0.01344988,-0.01523326,-0.023993908,-0.011347193,-0.011268224
BE05,1999,0.018281569,0.016805044,0.029371167,0.005110503,0.008559696,0.001039471
BE05,2001,-0.000984187,0.056850809,-0.011041659,-0.031299923,0.007879609,-0.014881799
BE05,2002,-0.036714617,-0.003193085,0.002942473,-0.007807492,-0.004663439,-0.010492806
BE05,2003,0.004303984,-0.039034945,0.001365895,-0.003715288,0.006998379,-0.006687491
BE05,2004,0.003432343,0.040873119,0.019746758,0.004623629,0.005469225,-0.002209581
BE05,2005,0.011653558,-0.047709878,-0.010050971,-0.015456314,-0.007011167,-0.001769537
BE05,2006,0.011377637,0.044592241,0.012401392,0.01249756,0.011301028,0.007283389
CR01,2014,-0.021125854,0.020484384,-0.004919138,0.007400323,-0.001227126,0.009861832
CR01,2015,-0.086852203,-0.038564819,-0.003617341,-0.003353389,-0.002252751,-0.007577454
CR01,2016,0.004775196,-0.015681882,0.001794581,0.000364075,0.003206456,-0.000477129
CR01,2017,-0.001636837,-0.053707989,-0.001866609,0.007923414,0.000825478,0.002197862
CR01,2018,0.025931852,0.261596284,0.000138034,0.011178402,0.000361214,-0.001062211
CR01,2019,0.008605182,-0.014475832,-0.005192936,0.003965814,1.81E-05,0.000918409
CR01,2020,-0.014381712,-0.135622667,-0.006788703,-0.00179311,4.40E-06,-0.00183545
CR01,2021,-0.021125854,0.020484384,-0.004919138,0.007400323,-0.001227126,0.009861832
CR02,2013,-0.016035974,0.211213653,0.01310902,0.01860153,0.012802503,0.005808433
CR02,2014,0.00518371,-0.027523105,-0.00452904,0.009795473,0.004987634,0.00335142
CR02,2015,-0.035632567,0.023862049,0.003065832,0.007657094,-0.002154651,-0.00764454
CR02,2016,-0.041020941,0.110864496,-0.008380295,-0.004554696,-0.004129172,-0.000297891
CR02,2017,-0.072203287,0.028927224,0.004505744,-0.004156902,0.001677265,0.004550424
CR02,2018,-0.016035974,0.211213653,0.01310902,0.01860153,0.012802503,0.005808433
DE01,2000,-0.002670933,-0.016019148,-0.013465864,0.013096257,0.006485604,0.01226777
DE01,2001,0.023841954,-0.03309366,-0.00688936,-0.015316654,0.012632675,-0.000758142
DE01,2002,-0.065922227,0.038562925,-0.019757246,-0.023029352,-0.010488808,-0.027900861
DE01,2003,-0.013246707,0.080316454,0.006937963,0.020297553,0.000169841,0.016114983
DE01,2004,-0.021575789,0.076192069,0.010040209,0.015399931,0.000153591,-0.002476596
DE01,2005,-0.059377056,0.00123926,-0.017908985,-0.003128336,-0.010617456,0.015238605
DE01,2006,0.030515542,-0.001789683,0.001246888,0.034445368,-0.000468198,-0.002233991
DE01,2007,-0.02011016,-0.064692725,-0.014000229,-0.016353409,-0.000919953,-0.0090456
DE01,2008,0.022425964,-0.100417424,-0.013148432,-0.015528737,0.019983842,0.009967064
DE01,2009,0.022947276,0.181324394,0.016807571,0.067141246,0.014130449,0.011315194
DE01,2010,0.052129035,-0.072638758,-0.027401344,-0.027850604,-0.031045835,-0.003028432
DE01,2011,-0.083968986,-0.055930917,-0.005865953,-0.0116822,-0.020695496,-0.01575876
DE01,2012,-0.002670933,-0.016019148,-0.013465864,0.013096257,0.006485604,0.01226777
DE02,2000,-0.027838162,-0.025580046,-0.001256318,-0.000129397,-0.002161584,0.000318512
DE02,2001,-0.013133453,-0.013764481,0.010322518,0.011807896,0.003248304,0.016338756
DE02,2002,0.038060639,-0.054992494,-0.010385351,-0.009287298,-0.006180913,-0.004466616
DE02,2003,0.001416956,0.276205786,-0.00143594,0.025075707,-0.001212299,0.013883563
DE02,2004,-0.074142031,0.012011273,-0.022246349,0.001208235,-0.014797677,-0.006312792
DE02,2005,-0.008820404,-0.140864062,0.003802904,0.004172682,0.00564459,0.009543926
DE02,2006,-0.02611491,0.061797163,-0.00944197,-0.000866416,-0.007946814,-0.000565041
DE02,2007,-0.042191429,-0.005754912,-0.004270664,0.01466897,-0.000617233,-0.003555173
DE02,2008,0.014301723,-0.111046909,-0.004509299,-0.015289787,0.003888376,-0.004269362
DE02,2009,0.027438121,0.055695273,0.009643578,0.024055415,0.002376859,0.005107802
DE02,2010,0.042301886,0.042928798,-0.00649074,-0.005934498,-0.007885514,0.008088926
DE02,2011,0.000211368,-0.078418544,-0.002635686,0.004483673,0.002893142,-0.004415393
DE02,2012,0.000606613,0.057001816,0.004503981,-0.004160589,0.003572251,0.006308772
DE02,2013,-0.010218225,-0.097259655,0.003983635,-0.000349341,-0.005982733,0.006339823
DE02,2014,-0.017624548,0.043763356,-0.00407576,-0.010202679,0.000961465,-0.001255977
DE02,2015,-0.01896647,0.041244078,-0.001703552,-0.001775187,-0.008952746,-0.003306501
DE02,2016,0.034048408,0.028688118,-0.001404808,0.007068962,-0.000621582,-0.00423045
DE02,2018,-0.027838162,-0.025580046,-0.001256318,-0.000129397,-0.002161584,0.000318512
DE03,2003,-0.001010353,0.041241094,-0.0120362,0.010121297,0.002007968,0.010008129
DE03,2004,-0.035777683,-0.040706939,-0.008105022,-0.002597638,-0.017945581,-0.007291091
DE03,2005,-0.032512607,-0.026475856,0.001923518,0.010081575,-0.003127592,-0.002789705
DE03,2006,0.002780638,0.029296472,-0.009262377,-0.003578111,-0.005827722,-0.000862247
DE03,2007,0.009682927,0.096694718,0.00320701,0.011217513,0.001554676,0.005133509
DE03,2008,0.007473149,0.072945616,0.001279659,0.007554353,-0.00086464,-0.003664238
DE03,2009,-0.028946068,0.335831767,-0.004037739,0.002533772,0.011716252,0.025583114
DE03,2010,-0.147558682,-0.166465541,-0.014422754,0.004369668,-0.019857668,-0.013716586
DE03,2011,0.004748689,-0.026397062,-0.004548971,0.031497361,-0.000667725,0.030717987
DE03,2012,-0.067770837,-0.084730662,-0.01976604,0.004002446,-0.023858709,-0.01170307
DE03,2013,0.019884094,0.021163463,0.00650685,0.007929313,0.024477088,0.006871576
DE03,2014,0.055656701,0.113494113,0.006916297,-0.002306451,0.013847167,0.000443571
DE03,2015,-0.025877478,-0.085009032,-0.012133872,-0.015015077,-0.018992855,-0.016455911
DE03,2016,0.005506178,-0.016963251,-0.006480852,0.014024696,-0.002131327,-0.004364657
DE03,2018,-0.001010353,0.041241094,-0.0120362,0.010121297,0.002007968,0.010008129
DE04,2001,-0.008970246,0.021870834,0.006741082,-0.00336447,0.011950219,0.021297262
DE04,2002,-0.08073626,-0.061509996,-0.01788277,-0.01385407,0.005147271,-0.001628734
DE04,2003,0.022447114,0.205710314,0.01113784,0.024587076,0.011502572,0.013437346
DE04,2004,-0.02688033,0.107089261,-0.007026605,0.014542811,-0.021301932,-0.00360994
DE04,2005,0.015067274,-0.0279034,-0.000831145,-0.014212315,-0.007196737,-0.007164759
DE04,2006,-0.0889391,-0.158248983,-0.037480427,-0.02110284,-0.00660024,-0.01914055
DE04,2007,-0.022532248,0.227970916,0.016785546,0.023009617,0.011316233,0.008210586
DE04,2008,-0.152837314,0.056822231,-0.00556307,0.006575195,-0.0024793,0.018534283
DE04,2009,-0.013972315,-0.041401728,0.00262635,-0.000719505,0.010937685,0.007315443
DE04,2010,0.093179756,0.017345079,0.02059386,0.025040381,0.012133185,0.003787583
DE04,2012,-0.011660457,-0.070225616,-0.029644736,-0.015352889,-0.01428844,-0.03512227
DE04,2013,0.017376392,0.040203321,0.013022679,0.043922579,0.017622495,0.028961687
DE04,2015,-0.047426112,0.191802864,-0.031426494,-0.011199197,-0.023443957,0.017406034
DE04,2016,-0.111794246,-0.059514515,-0.013307548,0.020066121,-0.030290571,-0.00315764
DE04,2018,-0.008970246,0.021870834,0.006741082,-0.00336447,0.011950219,0.021297262
DE05,2000,-0.016844681,0.088814951,0.005526114,0.010395263,0.007439568,0.003517905
DE05,2001,-0.013021689,0.211974715,-0.010916849,-0.010458602,-0.008713345,-0.001707526
DE05,2002,-0.06656714,-0.049145971,0.006767541,0.007659185,-0.002916221,-0.00336701
DE05,2003,0.0188873,0.019467083,0.014621936,0.039271061,0.015532607,0.019519103
DE05,2004,0.027528257,0.004092665,-0.01657296,-0.015331467,-0.002874034,-0.006277013
DE05,2005,-0.041100735,-0.091625388,-0.011709175,-0.00259301,-0.009535384,-0.006841817
DE05,2006,0.058482113,-0.006511,0.005091601,0.026111755,0.00706002,0.013422401
DE05,2007,0.028374686,0.164534871,0.000666467,0.003274539,0.008283529,0.017988285
DE05,2008,-0.047382049,-0.084562387,-0.011647837,-0.018750615,-0.013812047,-0.017329528
DE05,2009,-0.009524334,-0.018355456,0.003468031,0.024902897,0.001814606,0.006931606
DE05,2010,-0.057107112,0.015684084,-0.02041469,-0.005164973,-0.010423271,-0.004380017
DE05,2011,0.025661119,-0.046690665,-0.002034034,-0.000868103,0.000809928,-0.000462897
DE05,2012,0.031541954,0.096346951,0.010349001,-0.005495615,-0.001147799,-0.001720344
DE05,2013,-0.031736752,0.006341385,0.012753829,0.002000651,0.009931939,0.011302784
DE05,2014,-0.015873016,0.028174603,-0.000334037,-0.001180394,-0.001256684,-0.004533697
DE05,2015,-0.043561854,0.053252505,-0.003950467,-0.01508008,-0.01059457,0.005181056
DE05,2016,-0.085251723,-0.050906684,-0.001251114,0.012730348,0.002965858,0.010569887
DE05,2018,-0.016844681,0.088814951,0.005526114,0.010395263,0.007439568,0.003517905
DE06,2000,-0.119093002,-0.000645907,0.00681915,0.001878212,-0.001036353,0.001021453
DE06,2001,-0.137556233,-0.195140114,-0.008532654,-0.020633924,-0.002569523,0.003103387
DE06,2002,-0.015519848,0.225129816,0.011030634,0.018821631,-0.003742865,0.001751499
DE06,2003,0.017342351,0.065714015,-0.005250036,-0.016612351,0.001539659,-0.005981616
DE06,2004,-0.030930757,-0.036875969,0.003000814,-0.005436847,0.000600247,-0.010587543
DE06,2005,-0.05254566,0.010656977,-0.00130571,0.004981664,0.002680688,0.020126559
DE06,2006,-0.007974015,0.07074277,0.001752481,-0.017781013,-0.005783919,-0.014053664
DE06,2007,-0.200405672,-0.021335802,-0.000880541,0.014833364,-0.006391181,0.009901222
DE06,2008,-0.03773498,0.064347711,-0.013408663,-0.002806316,-0.0002248,-0.002905008
DE06,2009,-0.07433641,-0.007729711,0.000149336,-0.009180501,0.001167414,-0.000662972
DE06,2010,0.036739858,0.311777124,0.014204472,0.034254538,0.008982074,0.001536894
DE06,2012,-0.06114726,-0.141310748,-0.006005033,-0.01416185,0.007502794,0.001813614
DE06,2013,-0.004458246,0.023554118,0.006074711,-0.018463397,-0.005844944,-0.01936117
DE06,2015,-0.051131684,0.066380575,-0.011090397,0.001995599,0.021273638,-0.005792994
DE06,2015,0.08899378,-0.05495545,0.012963065,0.013074806,0.012495235,-0.005286752
DE06,2018,-0.119093002,-0.000645907,0.00681915,0.001878212,-0.001036353,0.001021453
DE07,2004,-0.091047963,-0.117094134,0.010352446,-0.001509856,0.005560131,-0.005932216
DE07,2005,0.001238727,-0.020586968,0.009209115,0.013098649,-0.003399203,0.013007324
DE07,2006,0.020345008,0.029503181,-0.005733118,-0.027621567,0.004206833,-0.015197627
DE07,2007,-0.079685145,-0.006292157,-0.011425637,0.002993259,-0.011965271,-0.000932486
DE07,2008,-0.030526384,-0.122906085,-0.001531652,0.000312641,-0.001350853,-0.000797227
DE07,2009,-0.049992112,0.080117467,-0.009224082,0.011501092,-0.008259227,0.01735665
DE07,2010,-0.013603607,-0.005687212,0.000295391,0.013188684,0.002414227,0.017093955
DE07,2011,0.021824216,0.085611806,0.013188043,-0.000553444,0.005862209,-0.007630029
DE07,2012,-0.004852535,-0.011086301,0.00171801,-0.004252554,-0.001046125,-0.007847006
DE07,2013,-0.045119593,-0.025048457,-0.013086475,0.00081816,0.000241828,0.000360861
DE07,2014,-0.016938046,0.12764413,-0.001104795,0.007194037,0.003988063,0.012680616
DE07,2015,-0.071090582,0.068892227,-0.009144348,0.010630152,-0.012307867,-0.000145328
DE07,2016,-0.009477539,0.151759033,0.000517603,0.011729037,0.005703059,0.002994897
DE07,2018,-0.091047963,-0.117094134,0.010352446,-0.001509856,0.005560131,-0.005932216
DE08,1999,-0.197200896,-0.184784402,-0.026059452,-0.042246153,-0.018912681,-0.014734556
DE08,2000,0.006470007,0.143684806,-0.004908981,0.015445173,-0.019632272,0.006650575
DE08,2001,-0.091131479,-0.026246633,0.00274074,-0.008097008,0.013377852,-0.004571168
DE08,2002,-0.004173937,0.010583802,-0.005706657,0.009423485,0.005959307,-0.007569865
DE08,2003,-0.003078833,-0.073846758,0.002301088,0.028272035,0.012128193,-0.002120784
DE08,2004,0.127913301,0.120710432,-0.016988187,0.008642455,-0.013162176,0.007632446
DE08,2005,0.046227569,-0.066345119,4.92E-05,-0.001284702,0.017700093,-0.001104444
DE08,2006,-0.069592301,-0.137897253,-0.015457764,-0.033590201,-0.014454789,-0.019153856
DE08,2007,0.001758053,0.313694803,0.018693214,0.059517583,-0.002952899,0.044023925
DE08,2008,-0.096949309,-0.049008913,-0.023674559,-0.038619899,-0.014400598,-0.002040753
DE08,2009,-0.06570347,0.01711845,0.014109577,0.016143302,0.00483902,-0.005995802
DE08,2010,-0.079138241,0.000527903,-0.01311164,-0.014174373,-0.009126564,-0.007373717
DE08,2012,-0.024321685,0.312663135,0.018590387,0.015826206,0.01108601,0.004020037
DE08,2013,-0.148875852,-0.122945082,-0.006260237,-0.002007425,0.008978353,0.005393545
DE08,2014,-0.007405156,0.174646518,0.002646805,0.014986259,-0.013240351,-0.013280776
DE08,2015,-0.197200896,-0.184784402,-0.026059452,-0.042246153,-0.018912681,-0.014734556
DE09,2004,-0.003586447,0.217227553,-0.01281217,0.022749888,-0.011019001,0.008280321
DE09,2005,-0.014599531,-0.002207001,0.000723677,0.047785871,0.009383462,0.022479632
DE09,2006,-0.025666758,-0.004886887,-0.009970296,-0.003157465,0.000423623,-0.004550162
DE09,2007,0.002768312,0.056044724,-0.010388367,-0.007351841,-0.012618013,-0.004392248
DE09,2008,-0.035872661,-0.068452746,-0.017088578,-0.011884547,0.015237106,-0.001451995
DE09,2009,-0.013516763,-0.003946506,-0.001678358,0.022099296,-0.004486059,-0.01226104
DE09,2010,0.033221596,0.023285428,-0.000266656,-0.006238451,-0.005195591,-0.008205345
DE09,2012,-0.010977003,0.262125835,0.017241944,0.039823612,0.01221927,0.028225617
DE09,2013,-0.072547107,-0.2128826,-0.025940793,-0.02195219,-0.007688516,-0.012885615
DE09,2014,0.009014277,0.214423228,0.000212104,0.020084855,0.002213999,0.00109034
DE09,2015,-0.051102071,0.053756629,-0.00511517,0.002180396,-0.001139451,0.010802085
DE09,2016,-0.030194063,-0.174535859,0.000184737,-0.013817259,0.006509345,-0.006902148
DE09,2018,-0.003586447,0.217227553,-0.01281217,0.022749888,-0.011019001,0.008280321
FI01,2011,0.005530892,0.021656231,0.005393576,0.004906528,0.001187058,-0.001616833
FI01,2012,-0.02478406,-0.002606378,-0.003801268,-0.001590529,-0.005022254,-0.006316999
FI01,2013,0.031677961,0.011169893,0.004582586,0.003162479,0.008165579,0.004027398
FI01,2014,-0.01313401,0.002171151,0.008293152,-0.002977687,-0.001809385,0.000531404
FI01,2015,0.006180945,0.020869361,0.003822647,0.000856016,0.010677158,0.002875723
FI01,2016,-0.016148316,-0.004072202,-0.004821738,-0.009019388,3.40E-05,-0.010539189
FI01,2017,-0.01897136,0.006651239,-0.002346503,0.002102518,-0.002160359,-0.008399587
FI01,2018,0.050319757,0.031140653,0.029258815,0.011475583,0.013928891,0.001149659
FI02,2001,0.066468423,0.003249512,-0.001480519,0.009960942,0.003412972,0.0112901
FI02,2002,0.062063884,0.047904015,0.002965375,0.011866621,0.00232565,0.007960537
FI02,2003,-0.025861478,0.018255944,-0.001433748,0.003612039,-0.010291018,0.002412162
FI02,2004,-0.03700448,-0.134668785,-0.007340627,-0.00044097,-0.002928411,-0.002038471
FI02,2005,0.074482528,0.033218891,-0.007711076,0.000304832,-0.001698661,0.005043124
FI02,2006,0.026050042,0.103905904,-0.002652123,0.018205608,0.003202179,0.020613081
FI02,2007,-0.026567209,0.017082775,-0.007026457,0.011745569,-0.008427837,-0.006923613
FI02,2008,-0.067223792,-0.025065061,-0.014663704,-0.002203814,-0.003656636,-0.003876137
FI02,2009,-0.03158278,0.014667141,-0.002941808,0.000388209,0.001260558,0.002302825
FI02,2010,0.01582597,-0.046884006,0.003117694,0.003757982,0.002917243,0.007259011
FI02,2011,0.002577305,0.020226475,-0.002060016,-0.003272438,0.001659611,-0.003185752
FI02,2012,-0.02759036,-0.067593845,0.000965104,0.001880923,-0.003766272,-0.004573614
FI02,2013,-0.00349816,-0.015791372,-0.008146163,-0.000730371,-0.003200942,-0.003155951
FI02,2014,0.066468423,0.003249512,-0.001480519,0.009960942,0.003412972,0.0112901
FR01,1995,-0.021133293,-0.039653422,-0.001447694,-0.020229136,-0.002008294,0.0303997
FR01,1996,-0.033734613,0.069151193,-0.017931722,-0.010498526,-0.011055599,-0.001805092
FR01,1997,-0.055531574,0.02196767,-0.001760566,0.026101602,-0.002324697,0.005617445
FR01,1998,-0.001440848,-0.062796757,-0.023262569,-0.016349341,-0.004578176,0.009168687
FR01,1999,0.064130308,0.032930736,0.01273096,0.011396424,-0.000112449,0.00103857
FR01,2000,0.014558224,-0.052753181,0.015426833,0.007913657,-0.011192168,-0.011926429
FR01,2001,-0.021133293,-0.039653422,-0.001447694,-0.020229136,-0.002008294,0.0303997
FR02,2009,-0.018501854,0.05432049,-0.034449159,-0.031713876,-0.0352782,-0.004443781
FR02,2010,-0.050520091,-0.038389804,-0.024414885,-0.032577818,-0.029845618,0.008310519
FR02,2011,0.000161619,0.073125078,0.031187088,0.039170543,0.012515492,0.034894822
FR02,2012,-0.018501854,0.05432049,-0.034449159,-0.031713876,-0.0352782,-0.004443781
FR03,2010,-0.071858321,0.003315181,-0.035084249,-0.008179355,-0.006509987,-0.004999113
FR03,2011,0.022446188,0.028576762,-0.012231132,0.004720495,0.01722485,0.016753427
FR03,2012,0.016356962,0.00950125,-0.008594902,0.020493348,0.011339964,-0.026750463
FR03,2013,-0.071858321,0.003315181,-0.035084249,-0.008179355,-0.006509987,-0.004999113
FR04,2009,0.037711417,0.090024814,0.003514568,-0.017887694,-0.000330384,0.002537455
FR04,2010,-0.05933689,0.011351,-0.005848499,-0.018986451,-0.00506429,-0.002271305
FR04,2011,-0.052714482,0.010827961,-0.000928586,-0.006677796,-0.003548402,0.001635751
FR04,2012,-0.037703367,-0.067089891,0.009298253,-0.000989506,-0.005758035,-0.000505288
FR04,2013,0.004186682,0.021936924,0.018193569,-0.00094762,-0.008045632,7.62E-07
FR04,2015,0.037711417,0.090024814,0.003514568,-0.017887694,-0.000330384,0.002537455
FR05,2009,0.036712519,-0.062298612,-0.000443225,0.002082832,-0.00175422,-0.005718784
FR05,2010,-0.025191059,-0.005194901,-0.005825804,-0.006574958,-0.000273148,0.0008936
FR05,2011,0.015828173,0.04660124,0.010997999,0.011658868,0.000532262,0.02011686
FR05,2012,-0.035661395,0.093738329,-0.007585696,-0.010286643,-0.023750322,-0.006358648
FR05,2013,-0.10498137,-0.004301379,0.003836346,0.004363183,0.003157972,0.001900715
FR05,2014,-0.028374393,0.105115654,0.001135823,-0.00412168,-0.000904901,0.011445091
FR05,2015,0.036712519,-0.062298612,-0.000443225,0.002082832,-0.00175422,-0.005718784
FR06,2004,-0.011075181,-0.000590017,-0.000867276,-0.005686655,0.00057511,-0.00178259
FR06,2005,-0.081964378,-0.037572096,-0.008144732,-0.001935795,-0.001251325,-0.000167016
FR06,2006,0.034679674,0.055317851,0.008314917,0.003382811,0.002567415,0.0068092
FR06,2007,-0.011075181,-0.000590017,-0.000867276,-0.005686655,0.00057511,-0.00178259
GE01,2010,0.001410771,0.015722743,0.000869963,-0.002710343,0.002226729,-0.000622738
GE01,2012,0.008124606,-0.005266296,0.01290479,0.001024918,0.004207772,0.000160817
GE01,2013,-0.004440423,-0.000595849,-0.005088893,-0.005889665,0.00055317,-0.008152063
GE01,2015,0.015398849,0.038206293,0.014085772,0.001821925,0.010847174,0.003255469
GE01,2016,-0.010700964,-0.021506552,-0.005488113,-0.003303245,-0.000895273,-0.005718895
GE01,2017,-0.005627375,-0.008500184,-0.004358375,-0.006700875,-0.00100213,-0.000872294
GE01,2018,0.016919256,0.003369998,0.006023498,0.005713579,0.005694068,0.003127957
GE01,2019,0.005112554,-0.012773236,0.002136502,-0.000934841,-0.003153108,-0.004234252
GR01,2019,-0.039178978,0.023931184,-0.007210297,-0.003556263,0.000887196,-0.000838131
GR01,2020,0.015791227,0.019807334,0.013163242,0.016519713,-0.000186034,-0.00682502
GR01,2021,-0.008586117,-0.004239375,-0.009276982,-0.016636437,0.004620382,0.000524078
GR01,2022,-0.002442998,0.01214472,0.001659111,-0.001356485,0.004772383,-0.000900063
GR01,2023,-0.004960905,-0.015251933,0.000853976,0.004886315,0.003485784,0.000457942
GR02,2019,-0.011473155,-0.104266343,-0.03024124,-0.0320831,-0.013111398,-0.02501936
GR02,2020,0.025126613,0.033873938,0.020986534,0.010943659,0.006544641,-0.000815357
GR02,2021,0.017407482,0.039842496,0.017097264,-0.010392109,0.004016569,-0.000121249
GR02,2022,-0.033616137,-0.077720544,-0.000453339,-0.018614049,-0.002458721,-0.009133468
GR02,2023,0.049459814,0.052294243,0.037071112,0.017783338,0.025270162,0.002133092
GR03,2019,0.004983015,0.030843676,-0.002757757,0.009423102,0.023226671,0.008093042
GR03,2020,-0.009299553,-0.108960393,-0.003030688,0.001891011,-0.013258751,-0.026780128
GR03,2021,0.039819883,-0.021487064,0.015888724,0.001450864,0.00520701,0.005017894
GR03,2022,0.043264458,-0.013659344,-0.002911907,-0.003584787,0.002078798,-0.008264668
GR03,2023,0.008770669,0.030123543,0.007413001,0.000292938,0.008593978,0.005767955
GR04,2015,0.005817145,-0.053364271,-0.008417919,-0.040533127,-0.028278104,-0.041910014
GR04,2018,-0.087191666,-0.070783778,-0.005490412,-0.001229349,-0.003150109,-0.009891364
GR04,2021,-0.039532451,0.020897111,-0.003719633,0.005261861,-0.000987895,-0.001509536
GR04,2023,-0.035732931,0.076198617,0.009482316,-0.014000661,0.004132096,0.002029652
HU01,2009,-0.022031932,-0.070916623,-0.000408935,-0.003455603,-0.00421503,-0.003061989
HU01,2010,0.030461721,-0.157252639,0.00235612,-0.000388596,-0.000898655,0.004587134
HU01,2011,0.05984289,-0.039708493,0.002924838,-0.004871559,0.003013823,-0.003573213
HU01,2012,-0.034995787,-0.086607998,-0.0028349,0.000314992,-0.003090806,-0.001290947
HU01,2013,-0.011449929,-0.015219676,-0.001848386,0.00013309,0.000767584,-0.002002453
HU01,2014,0.047976962,0.027541354,-0.002146947,0.004522631,-0.007622217,0.001030358
HU01,2015,0.043281441,0.115489576,-0.001930135,0.002093074,0.002304938,0.007935061
HU01,2016,0.030582354,0.101632736,-0.002843845,0.00196141,-0.002457667,0.002659465
HU01,2017,-0.022031932,-0.070916623,-0.000408935,-0.003455603,-0.00421503,-0.003061989
IR01,2004,-0.003235917,0.010939245,-0.004176658,0.002752579,0.000587841,0.00151744
IR01,2005,-0.04647176,0.042831471,-0.002498246,0.00472895,-0.006167793,-0.00013237
IR01,2006,0.002516236,0.019679543,-0.006740601,0.002443064,-0.002824534,-0.000322985
IR01,2007,0.011562024,0.04617597,0.004301109,0.009279267,0.002340669,0.003070673
IR01,2008,-0.040490325,-0.06146249,-0.009834162,-0.001156987,-0.003895669,0.002125255
IR01,2009,-0.002839094,0.060502002,-0.001585894,0.005581786,0.001836987,0.006806517
IR01,2010,-0.032162646,0.034845862,-0.00312645,0.006734128,-0.007818627,0.003004047
IR01,2011,0.003807095,0.012315889,-0.004754676,0.001462866,-0.003509289,2.25E-05
IR01,2012,-0.016974414,-0.020627762,-0.001195371,0.002945015,0.001992583,0.002362696
IR01,2013,0.004249863,0.04156105,-0.001495047,-0.004419113,0.000957424,-0.00611591
IR01,2014,-0.00144772,0.065405709,0.000279551,-0.000302772,0.000754317,0.003472937
IR01,2015,-0.018359767,-0.140397565,0.003895488,0.001492703,-0.000454106,-0.003555176
IR01,2016,0.052287872,-0.002544001,0.000935695,-0.004386763,-0.00096344,0.008216634
IR01,2017,-0.000509787,-0.026604537,0.002844361,0.003045521,-0.00818247,0.000280547
IR01,2018,-0.003235917,0.010939245,-0.004176658,0.002752579,0.000587841,0.00151744
LI01,2012,-0.011770223,0.107382283,-0.002539355,0.003854725,-0.003114438,0.00278745
LI01,2013,0.016259177,0.001806073,-0.002755771,0.002660623,-0.005702436,0.003262267
LI01,2014,0.003026783,0.140735382,-0.003704733,0.005930783,-0.003158527,0.005679067
LI01,2015,-0.046723303,-0.053171127,-0.001672658,-9.73E-05,0.000081261,0.000430991
LI01,2016,-0.000330103,-0.008258536,-0.003785611,0.000521321,-0.005118678,0.000809184
LI01,2017,-0.011770223,0.107382283,-0.002539355,0.003854725,-0.003114438,0.00278745
LU01,2008,0.00671696,0.023544231,0.002818539,0.003087867,0.002779338,0.000319518
LU01,2009,-0.014898403,-0.082603113,-0.000125075,-0.00395638,-0.000612913,-0.002229946
LU01,2011,0.006595682,0.036858291,0.002375147,-0.000924638,0.002085796,0.003677366
LU01,2012,-0.019046826,-0.053391063,0.0011077,-0.001063365,-0.004069256,-0.003073303
LU01,2013,0.004716977,0.048561067,-0.000157948,-0.000991602,0.002486395,0.007842637
LU01,2014,0.012930611,0.009495358,0.000401393,-0.000592359,-0.000335041,-0.001991779
LU01,2015,0.016992148,0.01668528,0.001628046,-0.002352366,-0.001372941,-0.001220179
LU01,2016,-0.015773795,-0.035205099,0.001540512,-0.000687829,-0.000800033,-0.000758263
LU01,2017,0.00671696,0.023544231,0.002818539,0.003087867,0.002779338,0.000319518
NE01,2009,-0.011405996,-0.048559981,-0.000691274,-0.001044588,-0.002715266,-0.006279778
NE01,2010,-0.034806737,0.033751315,0.003259272,0.000350635,-0.009690572,-0.007708594
NE01,2011,-0.023955725,-0.025196901,-0.003657064,-0.009903665,0.001189631,0.011122105
NE01,2012,-0.058259187,-0.016129936,0.0042153,0.001747606,-0.000697792,0.000542841
NE01,2013,0.021201647,0.125301885,0.010863704,0.007120355,0.002587055,0.004544452
NE01,2014,-0.045612279,-0.122118983,-0.016671375,-0.02145217,-0.026761542,-0.016963979
NE01,2015,0.03077098,-0.003406159,-0.000437687,0.001349118,0.003428304,0.017096805
NE01,2016,0.003921618,-0.041874969,0.00239955,0.00516039,-0.008648835,-0.003548169
NE01,2017,0.037114498,0.055187077,-0.005277055,-0.003223892,0.002311301,0.015708206
NE01,2018,-0.005983434,-0.037411382,-0.00355014,-0.002402138,0.002210691,-0.005326494
NE01,2019,-0.011405996,-0.048559981,-0.000691274,-0.001044588,-0.002715266,-0.006279778
SP01,1998,0.019928697,0.416589661,0.024109603,0.019215157,0.01319292,0.010584309
SP01,1999,0.010909013,0.186072755,-0.00315469,0.030162234,-0.010473985,0.005228968
SP01,2000,-0.048513889,-0.087782662,-0.035362647,-0.001724698,-0.00672471,0.008545616
SP01,2001,0.025262822,-0.00102958,-0.008371694,0.0108911,0.003765765,0.013217461
SP01,2002,-0.011226771,0.074866938,-0.006563494,0.009148169,-0.002818214,0.001698842
SP01,2003,0.002026941,0.02954751,-0.002498015,0.012758681,-0.001877399,0.014363084
SP01,2004,-0.008006854,-0.140882499,-0.002630352,-0.011726891,-0.010832684,-0.006487587
SP01,2005,0.01826693,0.031264974,0.010123958,0.004046305,-0.000801506,-0.01513958
SP01,2006,-0.037386758,-0.002741856,-0.001612564,-0.001892563,-0.005480845,0.001516328
SP01,2007,0.011956888,-0.081365642,0.00449581,-0.011684062,-0.004982238,-0.009762051
SP01,2008,-0.000242212,0.029345911,-0.000547659,0.005072495,0.018214753,0.0172538
SP01,2009,0.030433977,-0.085320621,-0.016876914,-0.000656288,-0.006022898,-0.010314992
SP01,2010,0.024577834,0.142477523,0.006118169,0.007979368,0.003950461,0.010665645
SP01,2011,-0.036968435,-0.051735997,-0.004124517,-0.001543627,-0.010097142,0.000547391
SP01,2012,0.0401926,-0.110834133,-0.005121389,0.003013137,-0.006109098,-0.001276996
SP01,2013,0.039459377,0.09083396,0.001980572,0.010646231,0.005611869,0.005923458
SP01,2014,0.067582759,-0.067860376,0.001964956,-0.012647686,0.005452616,-0.005750032
SP01,2015,-0.031772404,-0.07939754,0.007480765,-0.00518431,0.004024767,-0.012484173
SP01,2016,0.019928697,0.416589661,0.024109603,0.019215157,0.01319292,0.010584309
SP02,2008,-0.025467504,0.131998238,0.006730936,0.017781023,-0.000602001,0.019847106
SP02,2009,-0.020359046,0.019732889,0.004354288,-0.018990294,-0.007283355,-0.012802353
SP02,2010,0.004527837,0.019458336,0.00889481,-0.017327045,0.007154805,0.000474127
SP02,2011,-0.008221904,-0.020535452,-0.015919271,-0.010553445,-0.005563055,-0.00796075
SP02,2012,-0.02249614,-0.007618298,0.021693741,0.001075356,0.011550156,0.001558847
SP02,2013,0.012847764,0.195788367,0.000380079,-0.006481651,-0.006764907,-0.011802616
SP02,2014,0.012289617,-0.020257808,0.010100467,-0.003881179,0.008041506,0.000205795
SP02,2015,-0.120490961,-0.254708378,-0.003145319,-0.028406149,-0.002195668,-0.014230614
SP02,2016,0.009780901,0.151343747,0.002761687,0.009685071,-0.003484314,0.012765507
SP02,2017,-0.0283329,-0.058085678,0.00666158,0.002646275,0.003861735,0.009163956
SP02,2018,0.019949725,-0.021973647,-0.007653705,-0.012896806,-0.015300655,-0.011336546
SP02,2019,-0.025467504,0.131998238,0.006730936,0.017781023,-0.000602001,0.019847106
SP03,2008,-0.031503688,0.016223575,0.004282662,0.007728103,-0.000296198,0.004249069
SP03,2009,-0.039913811,0.018269009,0.003458999,0.005463923,0.004357949,0.005998707
SP03,2010,-0.044869254,0.043785246,-0.009433998,-0.002957848,-0.005824664,-0.003599447
SP03,2011,-0.003988836,-0.006679101,0.0032593,0.015509931,0.005441904,0.006485521
SP03,2012,0.023446951,-0.056778834,-0.007311914,-0.005136905,-0.000511116,-0.006611994
SP03,2013,0.011543459,-0.059336676,-0.002702479,-0.000621005,0.004055428,-0.000484054
SP03,2014,0.093009896,-0.036788111,0.003030394,-0.00098833,0.00376114,-0.002690461
SP03,2015,0.009274633,-0.006019371,0.00710264,-0.003379077,0.005596625,-0.004110389
SP03,2016,0.047833001,0.033330488,0.002306787,-0.004673018,0.002072615,-0.004154644
SP03,2017,-0.010732156,0.033813258,0.004073057,-0.005420176,0.003654869,-0.005388668
SP03,2018,-0.035754726,-0.071111787,0.00186571,-0.005561359,0.006617155,-0.003274744
SP03,2019,-0.031503688,0.016223575,0.004282662,0.007728103,-0.000296198,0.004249069
SP04,2008,-0.003862463,-0.025607433,-0.009966137,-0.010909566,-0.008617216,-0.007752158
SP04,2009,-0.051858332,-0.014485099,-0.000436106,-0.01551313,-0.007039155,-0.006569219
SP04,2010,-0.013403604,0.02892668,0.006799802,-0.000775868,-0.000174193,0.000723312
SP04,2011,0.020948087,0.011613667,0.015100225,-0.000537014,0.00493946,0.0099787
SP04,2012,0.000437301,0.160298805,0.010581388,-0.00122844,0.003484632,0.005110421
SP04,2013,-0.051635441,-0.109720642,-0.002664204,-0.010363847,-0.010682547,-0.003926315
SP04,2014,0.079679547,0.043876722,0.005750775,0.015470857,0.006986503,0.017871768
SP04,2015,-0.058344815,-0.137798032,-0.005865786,-0.011583436,-0.010684152,-0.009581886
SP04,2016,0.061080995,0.100827745,0.011698374,0.003500861,0.008197361,0.009675904
SP04,2017,-0.012473022,-0.063847994,0.005835708,-0.012304854,0.00239291,-0.001859749
SP04,2018,-0.000622508,-0.042339458,0.002720777,-0.004426881,0.003349104,-0.000280628
SP04,2019,-0.003862463,-0.025607433,-0.009966137,-0.010909566,-0.008617216,-0.007752158
SP05,2008,-0.037287473,-0.005843677,-0.000185269,0.000936444,-0.005110419,-0.003425141
SP05,2009,-0.073973782,0.037644899,-0.013571898,-0.008538537,-0.012291885,-0.008068391
SP05,2010,0.027153568,0.082636581,0.008012445,0.003943223,0.001279664,0.0151212
SP05,2011,-0.037765843,-0.123990605,0.002151654,-0.001023592,0.004150432,-0.00052914
SP05,2012,-0.014163839,-0.023005466,-0.010734679,-0.004998005,-0.01200864,0.000437413
SP05,2013,0.01935257,0.201581959,0.006442915,0.013195571,0.004420514,0.015688238
SP05,2014,-0.088029923,-0.038108909,0.005455849,0.003999373,0.001713883,0.012240343
SP05,2015,0.019287997,-0.064290189,-0.001891994,-0.013751598,-0.006819588,-0.009702347
SP05,2016,0.018153375,0.093381653,-0.000201814,-0.006552218,4.31E-05,0.008855896
SP05,2017,-0.037804653,-0.053212009,0.004664108,0.006574545,-0.017306746,-0.007005471
SP05,2018,-0.004689136,0.00091579,-0.014898973,-0.000471537,-0.00353087,-0.000782877
SP05,2019,-0.037287473,-0.005843677,-0.000185269,0.000936444,-0.005110419,-0.003425141
SP06,2008,0.007777553,-0.053464854,-0.014937938,-0.006507223,-0.016353401,-0.000536618
SP06,2009,-0.150120641,-0.134585773,0.013969796,-0.006739727,0.000565188,0.003228391
SP06,2010,0.087422393,0.002428595,0.002489699,-0.013648902,-0.005308778,-0.004634181
SP06,2011,0.012418114,0.063432533,0.01758283,0.01878019,0.005107483,0.016176812
SP06,2012,-0.020500631,0.023479013,-0.010580177,-0.015854493,-0.006679709,-0.002030161
SP06,2013,-0.06651793,-0.105566496,-0.006604218,0.001280626,-0.001394169,0.003175112
SP06,2014,0.019490769,0.166425834,0.014264095,0.015670155,0.003933653,0.007846709
SP06,2015,-0.02552041,-0.207612661,0.000603785,-0.011266697,-0.004333955,-0.007394608
SP06,2016,0.056894418,-0.040140696,-0.004022703,-0.010535391,-0.009485945,-0.003368646
SP06,2017,0.031590572,0.194748196,-0.003258606,-0.00589151,-0.002793617,-0.002477558
SP06,2018,-0.081139917,-0.135820855,-0.005227823,-0.009730012,0.008498859,0.007490022
SP06,2019,0.007777553,-0.053464854,-0.014937938,-0.006507223,-0.016353401,-0.000536618
SP07,2013,-0.030136573,0.041967734,-0.004132927,-0.002367972,-0.003928816,-0.000542399
SP07,2014,-0.101267908,-0.020475726,-0.016038419,-0.007019933,-0.002825625,-0.004253726
SP07,2015,-0.010014583,0.18928313,0.002751282,0.006007786,0.002309595,0.000797022
SP07,2016,-0.105358174,-0.06780984,0.000581182,0.001083991,-0.000140426,-0.002806082
SP07,2017,0.054160552,-0.045351747,-0.000465011,-0.005757174,-5.78E-05,0.000966706
SP07,2018,0.066765814,-0.05514002,0.004732968,0.004493963,-0.000189984,0.004948941
SP07,2019,-0.030136573,0.041967734,-0.004132927,-0.002367972,-0.003928816,-0.000542399
SW01,2008,-0.033615296,0.058609638,-0.013712296,0.001587149,-0.01204869,-0.005824071
SW01,2009,-0.038758803,0.106081289,-0.010309671,0.007039302,-0.000955665,-0.000890447
SW01,2010,0.055756354,-0.067878652,-0.01140358,0.007239695,0.00651238,0.005953907
SW01,2011,-0.069655801,-0.082874707,-0.013380719,0.002147393,-0.015042494,-0.005986141
SW01,2012,0.002728834,0.068995858,-0.005350147,0.009986645,0.004464843,0.01171434
SW01,2013,0.007596095,-0.006734619,0.009279569,0.007410893,0.00744082,0.003042407
SW01,2014,-0.033615296,0.058609638,-0.013712296,0.001587149,-0.01204869,-0.005824071
SW02,2008,0.068336695,0.055631221,0.001366424,0.005667687,0.004141313,0.002662823
SW02,2009,0.001783483,-0.000480155,-0.002539372,-0.001682131,-0.005700919,-0.003381388
SW02,2010,-0.005659791,0.023017254,3.43E-05,-0.000681989,0.001815602,0.004547666
SW02,2012,-0.004112391,-0.073047441,-0.005893314,0.002691251,-0.006117797,-0.004283279
SW02,2013,0.008296568,-0.056504119,-0.008465875,4.05E-05,-0.006806233,-0.004872792
SW02,2014,0.068336695,0.055631221,0.001366424,0.005667687,0.004141313,0.002662823
SW03,2008,-0.01036156,-0.007379603,0.001953898,-0.000756265,0.000921413,-0.000858522
SW03,2009,0.005599655,0.000700004,-0.001331918,-0.000532427,0.001381095,-0.000266302
SW03,2010,0.000969486,-0.002292319,-0.001038903,-0.001873715,0.000472253,-0.002645018
SW03,2011,0.00142277,0.005863378,0.001680994,0.00073481,0.001938461,-0.001076706
SW03,2012,-0.001099883,0.009524468,0.001349182,-0.000232694,0.001878748,-0.001120197
SW03,2013,-0.014108735,-0.013778246,-0.001462823,-0.002683912,0.000419356,-0.001397238
SW03,2014,0.003887156,0.00121367,0.001942365,0.00108564,-0.000661156,0.000285696
SW03,2015,-0.005899538,-0.003982622,0.000583914,-0.00082192,0.00073468,-0.000148386
SW03,2016,0.005647512,-0.004025861,0.00034578,-0.001466281,0.000249963,-0.000176182
SW03,2017,0.002518867,-4.60E-06,0.000812411,0.000581156,-0.000796508,-0.000632535
SW03,2018,0.009641183,-0.004694451,0.00398179,-0.002057075,0.00037923,0.001057757
SW04,2008,0.041820347,0.021346656,0.01598902,0.000595689,0.004321952,0.001420789
SW04,2009,-0.032810532,-0.085460931,-0.001301299,-0.018196235,9.99E-05,-0.008791754
SW04,2010,0.027998781,0.009874022,0.002243886,0.001204134,0.005164178,0.004554361
SW04,2011,0.010896092,-0.009433015,0.00629731,-0.001990512,-0.007783446,-0.000561235
SW04,2012,-0.014840012,-0.022778389,0.000606357,-0.004754166,-0.006029618,-0.003594086
SW04,2013,0.023253444,0.008198807,-0.000241059,0.00042963,0.005447914,0.009792057
SW04,2014,-0.002210683,-0.039706061,-0.005353482,-0.00564402,-0.004710365,-0.004495329
SW04,2015,0.018800048,0.006542923,0.007878448,0.003850594,0.001685741,0.00923017
SW04,2016,0.039386011,0.021839843,0.014497371,-0.002621977,-0.001784287,0.003691875
SW04,2017,0.010262549,-0.000238216,0.01373996,-0.004462702,0.000377063,-0.00172164
SW05,2006,-0.002854569,0.004919775,0.001259632,-0.001703872,-0.000689162,-0.001488681
SW05,2007,-0.006451101,0.009506974,0.005870056,-0.000994256,0.001241106,-0.000677276
SW05,2008,0.001469108,-0.008689994,0.000715289,-0.00308604,-0.000683905,0.000354739
SW05,2009,0.004472441,-0.000244095,0.000839927,-0.002831986,0.001298482,0.000466484
SW05,2010,-0.000483084,0.002230841,0.000603161,-0.000737615,0.001232218,-0.001576752
SW05,2011,-0.005164274,0.004625571,0.00114751,-0.000250037,-8.05E-05,-0.001481049
SW05,2012,0.000734711,-0.000384053,0.00040772,-0.001498152,0.002570812,-0.000512399
SW05,2013,0.008217155,-5.56E-05,0.003744144,-0.000802476,0.001779786,-0.001677064
SW05,2014,-0.005835543,-0.000112016,0.000973923,-0.001335772,-0.000568058,0.00039848
SW05,2015,0.0004963,0.007901778,0.003520073,-0.001058195,-0.002747986,0.00074922
SW05,2016,0.003361907,0.000552576,0.000784656,-0.003156376,0.000117962,0.001195454
SW05,2017,-0.00049982,-0.010688561,-0.000344539,-0.000812633,-0.000713238,-0.002003283
SW05,2018,-0.000194065,-0.006708103,0.001189268,0.000851617,0.000148593,0.001132748
SW05,2019,0.001533981,-0.007976815,-0.00048665,-0.002860676,-0.000853546,0.000382936
UK01,2009,0.022650523,0.147495007,0.006545212,0.004605416,0.001404852,0.002767364
UK01,2010,0.047204706,0.032457567,-0.00081435,0.004149731,-0.00157059,0.00403639
UK01,2011,-0.030651445,-0.049053507,0.002946186,-2.48E-06,-0.001937086,0.00723823
UK01,2012,0.026810121,-0.010748793,-0.000938992,-0.000347816,-0.005422596,-0.00401792
UK01,2013,-0.026556609,0.047129296,-0.0012729,0.002329368,0.000734526,-4.28E-05
UK01,2014,-0.019726885,-0.018165522,-0.002984768,-0.002115943,0.000025405,0.002008235
UK01,2015,-0.011080439,-0.046034693,0.00073127,-0.005482859,-0.003189631,-0.003097027
UK01,2016,0.013396234,0.039553938,0.001526757,0.003208404,0.001649219,0.004240051
UK01,2017,0.022650523,0.147495007,0.006545212,0.004605416,0.001404852,0.002767364
UK02,2014,-0.045201781,0.046414545,0.004922633,0.028278564,0.006065719,0.011921811
UK02,2015,-0.069764213,-0.087472868,0.004867369,0.003510924,-0.003426238,0.005046171
UK02,2016,0.016732701,0.024679128,0.005892374,0.002819919,0.004767805,0.002214247
UK02,2017,0.016497697,0.094207606,0.014541519,0.0124548,0.005335371,0.013854323
UK02,2018,0.011089998,-0.011197454,-0.018875373,-0.021311383,-0.017362024,-0.017595726
UK02,2019,-0.045201781,0.046414545,0.004922633,0.028278564,0.006065719,0.011921811
